,sentence_length,word_count,sentiment_negative,sentiment_neutral,sentiment_positive
sentence_length,1.0,0.960284917748128,-0.08610685696821027,0.11599214311682465,-0.058752842968246205
word_count,0.960284917748128,1.0,-0.07018325365240012,0.11770007844171114,-0.07270849725963908
sentiment_negative,-0.08610685696821027,-0.07018325365240012,1.0,-0.44634912752338013,-0.28306189340890114
sentiment_neutral,0.11599214311682465,0.11770007844171114,-0.44634912752338013,1.0,-0.7319162163558683
sentiment_positive,-0.058752842968246205,-0.07270849725963908,-0.28306189340890114,-0.7319162163558683,1.0
