Sentiment,count,mean,std,min,25%,50%,75%,max
negative,860.0,105.33023255813953,51.7989555626823,12.0,66.0,94.0,132.25,296.0
neutral,3130.0,123.11341853035144,56.87210350755033,9.0,79.0,114.0,158.0,315.0
positive,1852.0,112.15712742980561,56.412443098259665,10.0,67.0,100.0,145.25,298.0
