Sentiment,count,mean,std,min,25%,50%,75%,max
negative,860.0,19.263953488372092,10.260352536687625,2.0,11.0,17.0,25.0,56.0
neutral,3130.0,22.133865814696485,10.002698744558009,2.0,15.0,21.0,28.0,81.0
positive,1852.0,19.904967602591793,10.603437520402743,2.0,11.0,18.0,27.0,57.0
