,precision,recall,f1-score,support
Negative,0.7475,0.9552715654952076,0.8387096774193549,313.0
Neutral,0.8773584905660378,0.5942492012779552,0.7085714285714285,313.0
Positive,0.8195718654434251,0.8562300319488818,0.8375,313.0
accuracy,0.8019169329073482,0.8019169329073482,0.8019169329073482,0.8019169329073482
macro avg,0.814810118669821,0.8019169329073482,0.7949270353302612,939.0
weighted avg,0.814810118669821,0.8019169329073482,0.794927035330261,939.0
